3	clock t from 0 to 1\nview -3.2, 3.8, -1.2, 3.8\nlet A = [2, -1; 1, 1]\nlet M = (1 - t)*[1, 0; 0, 1] + t*A\nG0 = grid([1, 0; 0, 1]) faint color 6\nG = grid(M) color 2\nI = arrow(0, M*[1; 0]) thick color 3\nLI = label(M*[1; 0], "\\hat{\\imath}") color 3\nJ = arrow(0, M*[0; 1]) thick color 4\nLJ = label(M*[0; 1], "\\hat{\\jmath}") color 4\nD1 = segment(M*[1; 0], M*[1; 1]) dashed color 4\nD2 = segment(M*[1; 1], M*[1; 2]) dashed color 4\nV = arrow(0, M*[1; 2]) color 1\nLV = label(M*[1; 2], "v") color 1\n> show D1, D2, V, LV | The grid, the unit arrows $\\hat{\\imath} = (1, 0)$ (green) and $\\hat{\\jmath} = (0, 1)$ (pink), and $v = (1, 2) = \\hat{\\imath} + 2\\hat{\\jmath}$: one step along $\\hat{\\imath}$, two along $\\hat{\\jmath}$.\n> play t to 1 in 4s | Move the plane. The grid lines stay straight, parallel and evenly spaced, and $0$ stays put. $\\hat{\\imath}$ lands on $(2, 1)$ and $\\hat{\\jmath}$ on $(-1, 1)$.\n> wait 1s | And $v$ is still one step along the new $\\hat{\\imath}$ and two along the new $\\hat{\\jmath}$: it lands on $(2, 1) + 2\\,(-1, 1) = (0, 3)$.	scene: 10 objects, 3 beats, 32.3 s
6	let A = [2, -1; 1, 1]	= [2, -1; 1, 1]
8	A*[1; 2]	= [0; 3]
10	x*[2; 1] + y*[-1; 1]	= [2*x - y; x + y]
11	A*[x; y]	= [2*x - y; x + y]
13	[a, b; c, d]*[x; y]	= [a*x + b*y; c*x + d*y]
16	let R = [0, -1; 1, 0]	= [0, -1; 1, 0]
17	let S = [1, 1; 0, 1]	= [1, 1; 0, 1]
18	R*[3; 1]	= [-1; 3]
19	S*[3; 1]	= [4; 1]
22	clock t from 0 to 2\nview -2.8, 2.8, -0.8, 2.6\nlet S = [1, 1; 0, 1]\nlet Sh = (1 - t)*[1, 0; 0, 1] + t*S\nlet Tn = [cos(pi*(t - 1)/2), -sin(pi*(t - 1)/2); sin(pi*(t - 1)/2), cos(pi*(t - 1)/2)]*S\nG0 = grid([1, 0; 0, 1]) faint color 6\nG1 = grid(Sh) color 2\nQ1 = poly(0, Sh*[1; 0], Sh*[1; 1], Sh*[0; 1]) color 1\nI1 = arrow(0, Sh*[1; 0]) thick color 3\nJ1 = arrow(0, Sh*[0; 1]) thick color 4\nG2 = grid(Tn) color 2\nQ2 = poly(0, Tn*[1; 0], Tn*[1; 1], Tn*[0; 1]) color 1\nI2 = arrow(0, Tn*[1; 0]) thick color 3\nJ2 = arrow(0, Tn*[0; 1]) thick color 4\n> show G1, Q1, I1, J1 | The unit square on $\\hat{\\imath}$ (green) and $\\hat{\\jmath}$ (pink).\n> play t to 1 in 2s | First the shear $S$: $\\hat{\\imath}$ stays put, $\\hat{\\jmath}$ slides over to $(1, 1)$.\n> hide G1, Q1, I1, J1; show G2, Q2, I2, J2 | Then the quarter turn $R$, applied to wherever things are now.\n> play t to 2 in 2s | $\\hat{\\imath}$ ends at $(0, 1)$ and $\\hat{\\jmath}$ at $(-1, 1)$: the columns of the combined move.	scene: 9 objects, 4 beats, 21.8 s
24	R*S	= [0, -1; 1, 1]
25	R*(S*[3; 1])	= [-1; 4]
26	(R*S)*[3; 1]	= [-1; 4]
30	clock t from 0 to 2\nview -2.8, 2.8, -0.8, 2.6\nlet R = [0, -1; 1, 0]\nlet S = [1, 1; 0, 1]\nlet Tn = [cos(pi*t/2), -sin(pi*t/2); sin(pi*t/2), cos(pi*t/2)]\nlet Sh = ((2 - t)*[1, 0; 0, 1] + (t - 1)*S)*R\nG0 = grid([1, 0; 0, 1]) faint color 6\nG1 = grid(Tn) color 2\nQ1 = poly(0, Tn*[1; 0], Tn*[1; 1], Tn*[0; 1]) color 1\nI1 = arrow(0, Tn*[1; 0]) thick color 3\nJ1 = arrow(0, Tn*[0; 1]) thick color 4\nG2 = grid(Sh) color 2\nQ2 = poly(0, Sh*[1; 0], Sh*[1; 1], Sh*[0; 1]) color 1\nI2 = arrow(0, Sh*[1; 0]) thick color 3\nJ2 = arrow(0, Sh*[0; 1]) thick color 4\nF = poly(0, [0, 1], [-1, 2], [-1, 1]) faint color 6\nFI = arrow(0, [0, 1]) faint color 3\nFJ = arrow(0, [-1, 1]) faint color 4\n> show G1, Q1, I1, J1 | The same square; this time the turn comes first.\n> play t to 1 in 2s | The quarter turn $R$: $\\hat{\\imath}$ goes to $(0, 1)$, $\\hat{\\jmath}$ to $(-1, 0)$.\n> hide G1, Q1, I1, J1; show G2, Q2, I2, J2 | Then the shear $S$, which slides each point sideways by its height.\n> play t to 2 in 2s | $\\hat{\\imath}$, at height $1$, slides to $(1, 1)$; $\\hat{\\jmath}$, at height $0$, stays at $(-1, 0)$.\n> show F, FI, FJ | Faint: where shear-then-turn left the square. A different move.	scene: 12 objects, 5 beats, 26.5 s
32	S*R	= [1, -1; 1, 0]
34	[2, -1; 1, 1]*[3; -1]	= [7; 2]
35	[0, 1; 1, 0]	= [0, 1; 1, 0]
36	[0, -1; 1, 0]*[0, -1; 1, 0]	= [-1, 0; 0, -1]
37	[1, 2; 3, 4]*[0, 1; 1, 0]	= [2, 1; 4, 3]
