5	(λx. λy. y x) a (λz. z)	= a
7	S K K a	= a
12	normal 2: omega omega	= (λx. x x) (λx. x x)   (stopped after 2 steps: not yet a normal form)
14	omega omega	✗ λ: no normal form after 10000 β-steps; the term had become (λx. x x) (λx. x x)
16	(λx. x x x) (λx. x x x)	✗ λ: no normal form yet after 856 steps, and the term has grown past 6000 symbols, so the reduction stops here
19	normal: (λx. λy. y) (omega omega)	= λy. y
22	normal: (λx. x x) ((λy. y) z)	= z z
23	applicative: (λx. x x) ((λy. y) z)	= z z
30	eta: λx. λy. f x y	= f
31	eta: λx. x x	= λx. x x
38	(λx. λy. x) y	= λy'. y
39	(λf. λx. f (f x)) (λy. y y)	= λx. x x (x x)
40	(λx. λy. x) (λz. z) (omega omega)	= λz. z
41	eta: λx. (λy. g y) x	= g
