4	let C4 = chain(4)	= poset {0, 1, 2, 3}
5	let G = product(C4, C4)	= poset {(0, 0), (0, 1), (0, 2), (0, 3), (1, 0), (1, 1), (1, 2), (1, 3), (2, 0), (2, 1), (2, 2), (2, 3), (3, 0), (3, 1), (3, 2), (3, 3)}
6	join(G, (1, 0), (2, 0))	= (2, 0)
12	let C3 = chain(3)	= poset {0, 1, 2}
13	let PN = product(C3, C3)	= poset {(0, 0), (0, 1), (0, 2), (1, 0), (1, 1), (1, 2), (2, 0), (2, 1), (2, 2)}
14	le(PN, (1, 0), (1, 1))	= true
18	replicas(pncounter; a, b\n  a: inc\n  a: inc\n  a -> b\n  a: dec\n  b -> a\n  a -> b\n)	= {a↦1, b↦1}
21	replicas(pncounter; a, b\n  a: inc\n  b: dec\n  a -> b\n  b -> a\n)	= {a↦0, b↦0}
29	le(PN, (2, 0), (1, 1))	= false
30	join(product(G, G), ((2, 0), (1, 0)), ((1, 1), (0, 1)))	= ((2, 1), (1, 1))
