5	clock t from -1.39 to 1.4\nview -2, 2, -2.2, 4.6\nEp = graph(exp(x), x, -1.5, 1.5) faint color 1\nEm = graph(exp(-x), x, -1.5, 1.5) faint color 2\nA = point(t + i*exp(t)) color 1\nB = point(t + i*exp(-t)) color 2\nAB = segment(A, B) dashed color 6\nMc = point(t + i*cosh(t)) thick color 3\nCg = graph(cosh(x), x, -1.4, t) thick color 3\nCf = graph(cosh(x), x, -1.4, 1.4) thick color 3\nD = segment(Mc, A) thick color 4\nMs = point(t + i*sinh(t)) thick color 4\nSf = graph(sinh(x), x, -1.4, 1.4) thick color 4\n> show Ep, Em | $e^x$ (orange) grows to the right; its mirror image $e^{-x}$ (blue) grows to the left.\n> show A, B, AB, Mc, Cg; play t to 1.4 in 5s | At every $x$, take the point halfway between them: their average, $\\cosh x$ (green). It is symmetric, an **even** function, lowest at $\\cosh 0 = 1$.\n> hide Cg; show Cf, D | From the average up to $e^x$ is half their difference: $\\sinh x$ (pink). So $e^x = \\cosh x + \\sinh x$.\n> show Ms, Sf | Drawn on its own, $\\sinh x$ is **odd**: through $0$, and turned half a turn about it.\n> play t to -1.39 in 5s | Walk back. At every $x$, $e^x = \\cosh x + \\sinh x$ and $e^{-x} = \\cosh x - \\sinh x$: an even part and an odd part, the way every function splits.	scene: 11 objects, 5 beats, 43.6 s
6	cosh(x)	= (exp(x) + exp(-x))/2
7	expand(cosh(x) + sinh(x))	= exp(x)
8	expand(cosh(x) - sinh(x))	= exp(-x)
9	cosh(-x) - cosh(x)	= 0
12	expand(cosh(x)^2 - sinh(x)^2)	= 1
14	clock t from 0 to 1.4\nview -1.7, 2.7, -1.5, 2.45\nC = curve(exp(i*s), s, 0, 2pi) faint color 6\nH = curve(cosh(s) + i*sinh(s), s, -1.5, 1.5) color 3\nQ = point(exp(i*t)) thick color 1\nRQ = segment(0, Q) color 1\nP = point(cosh(t) + i*sinh(t)) thick color 3\nR = segment(0, P) color 3\nX = point(cosh(t)) color 2\nDX = segment(P, X) dashed color 2\nY = point(i*sinh(t)) color 4\nDY = segment(P, Y) dashed color 4\nV = value(cosh(t)^2 - sinh(t)^2, "\\cosh^2 t - \\sinh^2 t = ")\nSC = poly(0, exp(i*0*t/12), exp(i*1*t/12), exp(i*2*t/12), exp(i*3*t/12), exp(i*4*t/12), exp(i*5*t/12), exp(i*6*t/12), exp(i*7*t/12), exp(i*8*t/12), exp(i*9*t/12), exp(i*10*t/12), exp(i*11*t/12), exp(i*12*t/12)) color 1\nSH = poly(0, cosh(0*t/12) + i*sinh(0*t/12), cosh(1*t/12) + i*sinh(1*t/12), cosh(2*t/12) + i*sinh(2*t/12), cosh(3*t/12) + i*sinh(3*t/12), cosh(4*t/12) + i*sinh(4*t/12), cosh(5*t/12) + i*sinh(5*t/12), cosh(6*t/12) + i*sinh(6*t/12), cosh(7*t/12) + i*sinh(7*t/12), cosh(8*t/12) + i*sinh(8*t/12), cosh(9*t/12) + i*sinh(9*t/12), cosh(10*t/12) + i*sinh(10*t/12), cosh(11*t/12) + i*sinh(11*t/12), cosh(12*t/12) + i*sinh(12*t/12)) color 3\nAr = value(t/2, "\\text{each shaded area} = ")\n> show C, Q, RQ | The unit circle, $x^2 + y^2 = 1$, and $(\\cos t, \\sin t)$ on it.\n> show H, P, R | The unit hyperbola, $x^2 - y^2 = 1$, and $(\\cosh t, \\sinh t)$ on it: the same recipe with one sign flipped.\n> show X, DX, Y, DY, V; play t to 1.4 in 4s | The shadows of the green point are $\\cosh t$ (blue) and $\\sinh t$ (pink). The point runs out along the hyperbola, and $\\cosh^2 t - \\sinh^2 t$ never leaves $1$.\n> hide X, DX, Y, DY, V; play t to 0 in 2s | So what is $t$? On the circle it is an angle. On the hyperbola it is not: the green segment's angle never reaches $45°$, however large $t$ grows.\n> show SC, SH, Ar; play t to 1.4 in 5s | But on both, $t$ measures an **area**: the sector swept out from $1$ has area $\\frac{t}{2}$, on the circle and on the hyperbola alike. The hyperbola's sector is long and thin; its area grows at exactly the circle's rate.	scene: 14 objects, 5 beats, 51.2 s
16	expand(cosh(s)*diff(sinh(s), s) - sinh(s)*diff(cosh(s), s))	= 1
17	integrate(1, s, 0, t)/2	= t/2
19	expand(cos(s)*diff(sin(s), s) - sin(s)*diff(cos(s), s))	= cos(s)^2 + sin(s)^2
22	diff(cosh(x), x) - sinh(x)	= 0
23	diff(sinh(x), x) - cosh(x)	= 0
24	clock t from -1.2 to 0.6\nview -1.4, 2.8, -1.8, 2.4\nH = curve(cosh(s) + i*sinh(s), s, -1.7, 1.7) faint color 3\nK = line(0, 1 + i) dashed color 6\nP = point(cosh(t) + i*sinh(t)) thick color 3\nR = arrow(0, P) color 3\nM = arrow(0, sinh(t) + i*cosh(t)) dashed color 4\nVel = arrow(P, cosh(t) + sinh(t) + i*(sinh(t) + cosh(t))) thick color 4\n> show H, P, R | The point $(\\cosh t, \\sinh t)$ and its position arrow.\n> show Vel; play t to 0.6 in 4s | Its velocity (pink) is $(\\sinh t, \\cosh t)$. The circle's velocity is its radius turned a quarter; this one is never at right angles to the radius.\n> show K, M | It is the position with $x$ and $y$ swapped: its mirror image in the line $y = x$ (dashed, from $0$). Reflecting has no minus sign, and neither do $\\cosh' = \\sinh$ and $\\sinh' = \\cosh$.\n> play t to -0.9 in 4s | The velocity's tip runs along that line: it is at $(\\cosh t + \\sinh t)(1, 1) = e^t (1, 1)$.	scene: 6 objects, 4 beats, 36.3 s
27	exptotrig(cosh(i*t))	= cos(t)
28	expand(exptotrig(sinh(i*t)))	= i*sin(t)
30	plot([cosh(x), 1 + x^2/2], x, -3, 3)	= [(exp(x) + exp(-x))/2, x^2/2 + 1]
31	diff(cosh(3x), x)	= (-3*exp(-3*x) + 3*exp(3*x))/2
32	expand(cosh(x) + sinh(x))	= exp(x)
33	cosh(0)	= 1
34	expand(cosh(2x) - (cosh(x)^2 + sinh(x)^2))	= 0
