6	let C3 = chain(3)	= poset {0, 1, 2}
7	let V = product(C3, C3)	= poset {(0, 0), (0, 1), (0, 2), (1, 0), (1, 1), (1, 2), (2, 0), (2, 1), (2, 2)}
8	le(V, (1, 0), (0, 1))	= false
9	le(V, (0, 1), (1, 0))	= false
10	join(V, (1, 0), (0, 1))	= (1, 1)
14	clocks({a1, a2, a3}, {b1, b2}; a1->b2, b1->a3)	= {a1↦(1, 0), a2↦(2, 0), a3↦(3, 1), b1↦(0, 1), b2↦(1, 2)}
16	let E = events({a1, a2, a3}, {b1, b2}; a1->b2, b1->a3)	= poset {a1, a2, a3, b1, b2}
17	concurrent(E, a2, b2)	= true
23	le(V, (1, 1), (2, 1))	= true
24	join(V, (2, 0), (0, 1))	= (2, 1)
25	concurrent(E, a3, b2)	= true
