4	let N = rules(\n  cu: then(create(x), then(update(y), z)) -> then(create(y), z)\n  uu: then(update(x), then(update(y), z)) -> then(update(y), z)\n  xc: then(u, then(create(y), z)) -> then(create(y), z)\n  xd: then(u, then(delete, z)) -> then(delete, z)\n)	= {then(create(x), then(update(y), z)) → then(create(y), z), then(update(x), then(update(y), z)) → then(update(y), z), then(u, then(create(y), z)) → then(create(y), z), then(u, then(delete, z)) → then(delete, z)}   [named cu, uu, xc, xd]
5	rewrite(N, then(create(1), then(update(2), then(update(3), then(delete, then(create(4), done))))))	= then(create(4), done)
10	terminates(N)	= true
12	let A = rules(add(0, y) -> y; add(s(x), y) -> s(add(x, y)))	= {add(0, y) → y, add(s(x), y) → s(add(x, y))}   [named r1, r2]
13	terminates(A)	= false
14	terminates(A; add(x, y) = 2x + y, s(x) = x + 1)	= true
19	critical(N)	= {(then(create(x'), then(update(y), z)), then(create(x), then(update(y), z))), (then(create(y), then(create(y'), z)), then(create(x), then(create(y'), z))), (then(create(y), then(delete, z)), then(create(x), then(delete, z))), (then(update(x'), then(update(y), z)), then(update(x), then(update(y), z))), (then(update(y), then(create(y'), z)), then(update(x), then(create(y'), z))), (then(update(y), then(delete, z)), then(update(x), then(delete, z))), (then(create(x), then(update(y), z)), then(u, then(create(y), z))), (then(create(y), then(create(y'), z)), then(u, then(create(y'), z))), (then(create(y), then(delete, z)), then(u, then(delete, z))), (then(delete, then(create(y), z)), then(u, then(create(y), z))), (then(delete, then(delete, z)), then(u, then(delete, z)))}   [11 critical pairs, all joinable: locally confluent, and confluent if it terminates (Newman's lemma)]
21	let M = rules(\n  cu: then(create(x), then(update(y), z)) -> then(create(y), z)\n  uu: then(update(x), then(update(y), z)) -> then(update(y), z)\n  xc: then(u, then(create(y), z)) -> then(create(y), z)\n  xd: then(u, then(delete, z)) -> then(delete, z)\n  cd: then(create(x), then(delete, z)) -> z\n)	= {then(create(x), then(update(y), z)) → then(create(y), z), then(update(x), then(update(y), z)) → then(update(y), z), then(u, then(create(y), z)) → then(create(y), z), then(u, then(delete, z)) → then(delete, z), then(create(x), then(delete, z)) → z}   [named cu, uu, xc, xd, cd]
22	critical(M)	= {(then(create(x'), then(update(y), z)), then(create(x), then(update(y), z))), (then(create(y), then(create(y'), z)), then(create(x), then(create(y'), z))), (then(create(y), then(delete, z)), then(create(x), then(delete, z))), (then(update(x'), then(update(y), z)), then(update(x), then(update(y), z))), (then(update(y), then(create(y'), z)), then(update(x), then(create(y'), z))), (then(update(y), then(delete, z)), then(update(x), then(delete, z))), (then(create(x), then(update(y), z)), then(u, then(create(y), z))), (then(create(y), then(create(y'), z)), then(u, then(create(y'), z))), (then(create(y), then(delete, z)), then(u, then(delete, z))), (then(create(x), then(delete, z)), then(u, z)), (then(delete, then(create(y), z)), then(u, then(create(y), z))), (then(delete, then(delete, z)), then(u, then(delete, z))), (then(delete, z), z), (then(create(y), z), then(create(x), then(create(y), z))), (z, then(delete, z)), (then(delete, z), then(create(x), then(delete, z)))}   [16 critical pairs, 3 not joinable: not confluent]
28	rewrite(N, then(update(1), then(update(2), then(update(3), done))))	= then(update(3), done)
29	rewrite(N, then(create(1), then(delete, then(update(2), done))))	= then(delete, then(update(2), done))
30	terminates(A)	= false
31	rewrite(A, add(s(s(0)), s(s(0))))	= s(s(s(s(0))))
