3	plot([diff(sin(x^2), x), cos(x^2)], x, 0, 3)	= [2*x*cos(x^2), cos(x^2)]
7	clock a from 1 to 1.5\nnoaxes\nview -1.4, 3.3, -0.5, 2.5\nX = segment(-1.2 + 2*i, 3.2 + 2*i) faint color 6\nG = segment(-1.2 + i, 3.2 + i) faint color 6\nF = segment(-1.2, 3.2) faint color 6\nLX = label(-1.3 + 2*i, "x") color 6\nLG = label(-1.3 + i, "x^2") color 6\nLF = label(-1.3 + 0*i, "\\sin x^2") color 6\nDX = arrow(a + 2*i, a + 0.2 + 2*i) thick color 1\nDG = arrow(a^2 + i, (a + 0.2)^2 + i) thick color 2\nDF = arrow(sin(a^2), sin((a + 0.2)^2)) thick color 3\nM1 = segment(a + 2*i, a^2 + i) dashed color 6\nM2 = segment(a^2 + i, sin(a^2)) dashed color 6\n> show DX | A nudge to $x$.\n> show M1, DG | Squaring turns it into a nudge to $x^2$, about $2x$ times as long: the inner derivative.\n> show M2, DF | The sine scales that nudge by $\\cos(x^2)$: the outer derivative, taken where the inside is.\n> play a to 1.5 in 6s | Move $x$ from $1$ to $1.5$. The middle nudge grows, about $2x$ times the top one; the bottom one is the middle one times $\\cos(x^2)$, which falls to $0$ at $x^2 = \\pi/2$ and then turns the nudge round.	scene: 11 objects, 4 beats, 30.0 s
10	diff(sin(x^2), x)	= 2*x*cos(x^2)
12	diff(exp(3x), x)	= 3*exp(3*x)
15	let a = 2	= 2
16	diff(sin(a*x), x)	= 2*cos(2*x)
17	plot([sin(a*x), diff(sin(a*x), x)], x, 0, 6.28)	= [sin(2*x), 2*cos(2*x)]
20	diff((2x + 1)^5, x)	= 10*(2*x + 1)^4
22	diff(exp(sin(x^2)), x)	= 2*x*cos(x^2)*exp(sin(x^2))
23	diff(cos(x^3), x)	= -3*x^2*sin(x^3)
24	diff(exp(x^2), x)	= 2*x*exp(x^2)
25	diff((x^2 + 1)^3, x)	= 6*x*(x^2 + 1)^2
26	diff(ln(x), x)	= 1/x
