4	[1, 2; 3, 4]*[x; y]	= [x + 2*y; 3*x + 4*y]
8	rref([1, 2, 5; 3, 4, 6])	= [1, 0, -4; 0, 1, 9/2]
10	[1, 2; 3, 4]*[-4; 9/2]	= [5; 6]
12	clock t from 0 to 2\nview -7.5, 3.5, -0.8, 6.8\nlet a2 = 3 - 3*t\nlet b2 = 4 - 6*t\nlet c2 = 6 - 15*t\nlet b1 = 4 - 2*t\nlet c1 = 14 - 9*t\nL1 = line([1, 2], [-1, 3]) thick color 3\nL2 = line(c2/(a2^2 + b2^2)*[a2, b2], c2/(a2^2 + b2^2)*[a2, b2] + [-b2, a2]) thick color 4\nL2b = line([0, 4.5], [1, 4.5]) thick color 4\nL1m = line(c1/(1 + b1^2)*[1, b1], c1/(1 + b1^2)*[1, b1] + [-b1, 1]) thick color 3\nX = point([-4, 4.5]) thick color 1\nLX = label([-4, 4.5], "(-4, \\tfrac92)") color 1\n> show L1, L2, X, LX | The two equations as lines: $x + 2y = 5$ (green) and $3x + 4y = 6$ (pink). The solution is where they cross.\n> play t to 1 in 3s | Take $3$ times the first row from the second, a little at a time. Part way, the row is $3x + 4y - s\\,(x + 2y) = 6 - 5s$, true wherever both equations are: the pink line turns about the crossing, and ends level, $-2y = -9$.\n> hide L2; show L2b | Scale the second row by $-\\frac12$: $y = \\frac92$. The same line, written more simply.\n> hide L1; show L1m; play t to 2 in 3s | Take twice the second row from the first. Now the green line turns, about the same point, until it stands upright: $x = -4$.\n> | Reduced, each line names one coordinate, and the crossing never moved: $x = -4$, $y = \\frac92$.	scene: 6 objects, 5 beats, 49.2 s
18	rref([2, 1, -1, 8; -3, -1, 2, -11; -2, 1, 2, -3])	= [1, 0, 0, 2; 0, 1, 0, 3; 0, 0, 1, -1]
20	[2, 1, -1; -3, -1, 2; -2, 1, 2]*[2; 3; -1]	= [8; -11; -3]
23	clock t from 0 to 1\nview -3, 6, -2, 8\nlet M = (1 - t)*[1, 0; 0, 1] + t*[1, 2; 2, 4]\nG0 = grid([1, 0; 0, 1]) faint color 6\nG = grid(M) color 2\nQ = poly(0, M*[1; 0], M*[1; 1], M*[0; 1]) color 5\nK = line(0, [1, 2]) dashed color 6\nI = arrow(0, M*[1; 0]) thick color 3\nJ = arrow(0, M*[0; 1]) thick color 4\nP1 = point(M*[3; 0]) color 1\nP2 = point(M*[1; 1]) color 1\nP3 = point(M*[-1; 2]) color 1\nT = point([3, 7]) thick color 6\nLT = label([3, 7], "(3, 7)") color 6\n> wait 1s | The grid, the unit square on $\\hat{\\imath}$ (green) and $\\hat{\\jmath}$ (pink), and three points: $(3, 0)$, $(1, 1)$ and $(-1, 2)$.\n> show K; play t to 1 in 4s | Apply the matrix: $\\hat{\\imath}$ goes to $(1, 2)$, $\\hat{\\jmath}$ to $(2, 4)$, and the whole plane is squashed onto the line $y = 2x$, the square to a segment of it. All three points land on $(3, 6)$.\n> show T, LT | Nothing lands on $(3, 7)$, off the line.	scene: 11 objects, 3 beats, 26.3 s
25	rref([1, 2, 3; 2, 4, 6])	= [1, 2, 3; 0, 0, 0]
27	rref([1, 2, 3; 2, 4, 7])	= [1, 2, 0; 0, 0, 1]
29	rref([1, 1, 3; 1, -1, 1])	= [1, 0, 2; 0, 1, 1]
30	rref([2, 4, 6; 1, 3, 4])	= [1, 0, 1; 0, 1, 1]
31	rref([3, 1, 5; 1, 2, 5])	= [1, 0, 1; 0, 1, 2]
32	rref([1, -1, 2; -2, 2, 1])	= [1, -1, 0; 0, 0, 1]
