6	infer: λf. λx. f x	= (α → β) → α → β
9	infer: λf. λx. f (f x)	= (α → α) → α → α
13	infer: S	= (α → β → γ) → (α → β) → α → γ
16	infer: K	= α → β → α
20	infer: λx. x x	✗ occurs check: τ1 = τ1 → τ2 has no solution (τ1 would have to contain itself), so the term has no simple type
24	infer: λf:A→B. λx. f x	= (A → B) → A → B
25	infer: f x	= α   (with f : β → α, x : β)
33	infer: λx. λy. y	= α → β → β
34	infer: λf. λg. λx. g (f x)	= (α → β) → (β → γ) → α → γ
35	infer: λx. λf. f x	= α → (α → β) → β
36	infer: λx. λy. x (y x)	= (α → β) → ((α → β) → α) → β
