11	let Keyed = system(\n  var p in {idle, got, crit}\n  var q in {idle, got, crit}\n  var lp in 0..2\n  var lq in 0..2\n  var tab in 0..2\n  init p = idle ∧ q = idle ∧ lp = 0 ∧ lq = 0 ∧ tab = 0\n  action pget when p = idle ∧ tab ≠ 0 do lp := tab, p := got\n  action pnew when p = idle ∧ tab = 0 ∧ lq ≠ 1 do tab := 1, lp := 1, p := got\n  action pnew2 when p = idle ∧ tab = 0 ∧ lq = 1 do tab := 2, lp := 2, p := got\n  action pwait when p = got ∧ ¬(q = crit ∧ lq = lp) do p := crit\n  action pdone when p = crit do tab := 0, lp := 0, p := idle\n  action qget when q = idle ∧ tab ≠ 0 do lq := tab, q := got\n  action qnew when q = idle ∧ tab = 0 ∧ lp ≠ 1 do tab := 1, lq := 1, q := got\n  action qnew2 when q = idle ∧ tab = 0 ∧ lp = 1 do tab := 2, lq := 2, q := got\n  action qwait when q = got ∧ ¬(p = crit ∧ lp = lq) do q := crit\n  action qdone when q = crit do tab := 0, lq := 0, q := idle\n)	= system({p, q, lp, lq, tab}, {pget, pnew, pnew2, pwait, pdone, qget, qnew, qnew2, qwait, qdone})   [32 reachable states]
13	trace(Keyed; pnew, qget, pwait, pdone, qwait, qdone)	= p = idle ∧ q = idle ∧ lp = 0 ∧ lq = 0 ∧ tab = 0
15	invariant(Keyed, ¬(p = crit ∧ q = crit))	= false
18	invariant(Keyed, (p = crit → lp = tab) ∧ (q = crit → lq = tab))	= false
25	let Checked = system(\n  var p in {idle, got, took, crit, out}\n  var q in {idle, got, took, crit, out}\n  var lp in 0..2\n  var lq in 0..2\n  var tab in 0..2\n  init p = idle ∧ q = idle ∧ lp = 0 ∧ lq = 0 ∧ tab = 0\n  action pget when p = idle ∧ tab ≠ 0 do lp := tab, p := got\n  action pnew when p = idle ∧ tab = 0 ∧ lq ≠ 1 do tab := 1, lp := 1, p := got\n  action pnew2 when p = idle ∧ tab = 0 ∧ lq = 1 do tab := 2, lp := 2, p := got\n  action pwait when p = got ∧ ¬((q = took ∨ q = crit ∨ q = out) ∧ lq = lp) do p := took\n  action pok when p = took ∧ tab = lp do p := crit\n  action pretry when p = took ∧ tab ≠ lp do lp := 0, p := idle\n  action premove when p = crit do tab := 0, p := out\n  action prelease when p = out do lp := 0, p := idle\n  action qget when q = idle ∧ tab ≠ 0 do lq := tab, q := got\n  action qnew when q = idle ∧ tab = 0 ∧ lp ≠ 1 do tab := 1, lq := 1, q := got\n  action qnew2 when q = idle ∧ tab = 0 ∧ lp = 1 do tab := 2, lq := 2, q := got\n  action qwait when q = got ∧ ¬((p = took ∨ p = crit ∨ p = out) ∧ lp = lq) do q := took\n  action qok when q = took ∧ tab = lq do q := crit\n  action qretry when q = took ∧ tab ≠ lq do lq := 0, q := idle\n  action qremove when q = crit do tab := 0, q := out\n  action qrelease when q = out do lq := 0, q := idle\n)	= system({p, q, lp, lq, tab}, {pget, pnew, pnew2, pwait, pok, pretry, premove, prelease, qget, qnew, qnew2, qwait, qok, qretry, qremove, qrelease})   [85 reachable states]
26	invariant(Checked, ¬(p = crit ∧ q = crit))	= true
28	inductive(Checked, (p = crit → lp = tab) ∧ (q = crit → lq = tab) ∧ ¬(p = crit ∧ q = crit))	= false
30	inductive(Checked, (p = crit → lp = tab) ∧ (q = crit → lq = tab) ∧ ¬((p = took ∨ p = crit ∨ p = out) ∧ (q = took ∨ q = crit ∨ q = out) ∧ lp = lq) ∧ (p = idle → lp = 0) ∧ (q = idle → lq = 0) ∧ (p ≠ idle → lp ≠ 0) ∧ (q ≠ idle → lq ≠ 0))	= true
37	let Swapped = system(\n  var p in {idle, got, took, crit, out}\n  var q in {idle, got, took, crit, out}\n  var lp in 0..2\n  var lq in 0..2\n  var tab in 0..2\n  init p = idle ∧ q = idle ∧ lp = 0 ∧ lq = 0 ∧ tab = 0\n  action pget when p = idle ∧ tab ≠ 0 do lp := tab, p := got\n  action pnew when p = idle ∧ tab = 0 ∧ lq ≠ 1 do tab := 1, lp := 1, p := got\n  action pnew2 when p = idle ∧ tab = 0 ∧ lq = 1 do tab := 2, lp := 2, p := got\n  action pwait when p = got ∧ ¬((q = took ∨ q = crit) ∧ lq = lp) do p := took\n  action pok when p = took ∧ tab = lp do p := crit\n  action pretry when p = took ∧ tab ≠ lp do lp := 0, p := idle\n  action prelease when p = crit do p := out\n  action premove when p = out do tab := 0, lp := 0, p := idle\n  action qget when q = idle ∧ tab ≠ 0 do lq := tab, q := got\n  action qnew when q = idle ∧ tab = 0 ∧ lp ≠ 1 do tab := 1, lq := 1, q := got\n  action qnew2 when q = idle ∧ tab = 0 ∧ lp = 1 do tab := 2, lq := 2, q := got\n  action qwait when q = got ∧ ¬((p = took ∨ p = crit) ∧ lp = lq) do q := took\n  action qok when q = took ∧ tab = lq do q := crit\n  action qretry when q = took ∧ tab ≠ lq do lq := 0, q := idle\n  action qrelease when q = crit do q := out\n  action qremove when q = out do tab := 0, lq := 0, q := idle\n)	= system({p, q, lp, lq, tab}, {pget, pnew, pnew2, pwait, pok, pretry, prelease, premove, qget, qnew, qnew2, qwait, qok, qretry, qrelease, qremove})   [121 reachable states]
38	invariant(Swapped, ¬(p = crit ∧ q = crit))	= false
39	reach(Keyed, p = crit ∧ tab = 0)	= true
41	let Counted = system(\n  var p in {idle, got, crit}\n  var q in {idle, got, crit}\n  var lp in 0..2\n  var lq in 0..2\n  var tab in 0..2\n  var n in 0..2\n  init p = idle ∧ q = idle ∧ lp = 0 ∧ lq = 0 ∧ tab = 0 ∧ n = 0\n  action pget when p = idle ∧ tab ≠ 0 do lp := tab, n := n + 1, p := got\n  action pnew when p = idle ∧ tab = 0 ∧ lq ≠ 1 do tab := 1, lp := 1, n := 1, p := got\n  action pnew2 when p = idle ∧ tab = 0 ∧ lq = 1 do tab := 2, lp := 2, n := 1, p := got\n  action pwait when p = got ∧ ¬(q = crit ∧ lq = lp) do p := crit\n  action pleave when p = crit ∧ n > 1 do n := n - 1, lp := 0, p := idle\n  action plast when p = crit ∧ n = 1 do n := 0, tab := 0, lp := 0, p := idle\n  action qget when q = idle ∧ tab ≠ 0 do lq := tab, n := n + 1, q := got\n  action qnew when q = idle ∧ tab = 0 ∧ lp ≠ 1 do tab := 1, lq := 1, n := 1, q := got\n  action qnew2 when q = idle ∧ tab = 0 ∧ lp = 1 do tab := 2, lq := 2, n := 1, q := got\n  action qwait when q = got ∧ ¬(p = crit ∧ lp = lq) do q := crit\n  action qleave when q = crit ∧ n > 1 do n := n - 1, lq := 0, q := idle\n  action qlast when q = crit ∧ n = 1 do n := 0, tab := 0, lq := 0, q := idle\n)	= system({p, q, lp, lq, tab, n}, {pget, pnew, pnew2, pwait, pleave, plast, qget, qnew, qnew2, qwait, qleave, qlast})   [8 reachable states]
42	invariant(Counted, ¬(p = crit ∧ q = crit))	= true
43	reach(Counted, tab = 2)	= false
