3	let Perm = poset({none, read, write, rw}; none < read, none < write, read < rw, write < rw)	= poset {none, read, write, rw}
4	join(Perm, read, write)	= rw
7	let D = divisors(12)	= poset {1, 2, 3, 4, 6, 12}
8	let P3 = subsets({a, b, c})	= poset {{}, {c}, {b}, {b,c}, {a}, {a,c}, {a,b}, {a,b,c}}
10	let A = poset({a, b, c, d}; a < b, a < c, b < d, c < d)	= poset {a, b, c, d}
11	minimal(A)	= {a}
12	bottom(A)	= a
14	let T = poset({p, q, r, s, t}; p < r, p < s, q < s, r < t, s < t)	= poset {p, q, r, s, t}
15	minimal(T)	= {p, q}
16	bottom(T)	✗ no bottom: the minimal elements are {p, q}
20	bottom(P3)	= {}
21	top(P3)	= {a,b,c}
22	bottom(D)	= 1
23	top(D)	= 12
27	let D12 = poset({1, 2, 3, 4, 5, 6, 7, 8, 9, 10, 11, 12}; 1 < 2, 1 < 3, 1 < 5, 1 < 7, 1 < 11, 2 < 4, 2 < 6, 2 < 10, 3 < 6, 3 < 9, 4 < 8, 4 < 12, 5 < 10, 6 < 12)	= poset {1, 2, 3, 4, 5, 6, 7, 8, 9, 10, 11, 12}
28	maximal(D12)	= {7, 8, 9, 10, 11, 12}
29	top(D12)	✗ no top: the maximal elements are {7, 8, 9, 10, 11, 12}
31	let E = poset({a, b, c, d, e, f, g}; a < b, a < c, b < c, b < d, c < e, d < e, c < f, d < f, e < g, f < g)	= poset {a, b, c, d, e, f, g}
32	upper(E, {c, d})	= {e, f, g}
33	lower(E, {c, d})	= {a, b}
34	inf(E, c, d)	= b
36	sup(E, c, d)	✗ c and d have no join: the upper bounds {e, f, g} have no least element
42	let dbl = map(D; 1 -> 2, 2 -> 4, 3 -> 6, 6 -> 12)	= {1↦2, 2↦4, 3↦6, 6↦12}   [every other element is fixed]
43	monotone(D, dbl)	= true
45	let k = map(D; 2 -> 3)	= {2↦3}   [every other element is fixed]
46	monotone(D, k)	= false
48	let one = map(D; 2 -> 1, 3 -> 1, 4 -> 1, 6 -> 1, 12 -> 1)	= {2↦1, 3↦1, 4↦1, 6↦1, 12↦1}   [every other element is fixed]
49	monotone(D, one)	= true
50	let idD = map(D; 1 -> 1)	= {1↦1}   [every other element is fixed]
51	monotone(D, idD)	= true
53	let comp = map(D; 1 -> 12, 2 -> 6, 3 -> 4, 4 -> 3, 6 -> 2, 12 -> 1)	= {1↦12, 2↦6, 3↦4, 4↦3, 6↦2, 12↦1}   [every other element is fixed]
54	monotone(D, comp)	= false
56	fixpoints(D, idD)	= {1, 2, 3, 4, 6, 12}
57	fixpoints(D, one)	= {1}
58	fixpoints(D, comp)	= {}
60	lfp(D, dbl)	= 4
68	upper(E, {c, d})	= {e, f, g}
69	minimal(T)	= {p, q}
70	join(D, 4, 6)	= 12
71	monotone(D, k)	= false
