4	let C7 = chain(7)	= poset {0, 1, 2, 3, 4, 5, 6}
5	let C4 = chain(4)	= poset {0, 1, 2, 3}
6	let half = map(C7, C4; 0->0, 1->1, 2->1, 3->2, 4->2, 5->3, 6->3)	= {0↦0, 1↦1, 2↦1, 3↦2, 4↦2, 5↦3, 6↦3}
7	let dbl = map(C4, C7; 0->0, 1->2, 2->4, 3->6)	= {0↦0, 1↦2, 2↦4, 3↦6}
8	galois(C7, C4, half, dbl)	= true
10	let flo = map(C7, C4; 0->0, 1->0, 2->1, 3->1, 4->2, 5->2, 6->3)	= {0↦0, 1↦0, 2↦1, 3↦1, 4↦2, 5↦2, 6↦3}
11	galois(C7, C4, flo, dbl)	= false
13	galois(C4, C7, dbl, flo)	= true
16	let even = map(C7; 1->2, 3->4, 5->6)	= {1↦2, 3↦4, 5↦6}   [every other element is fixed]
17	closureop(C7, even)	= true
18	fixpoints(C7, even)	= {0, 2, 4, 6}
21	let D = divisors(12)	= poset {1, 2, 3, 4, 6, 12}
22	let cl = map(D; 3->6)	= {3↦6}   [every other element is fixed]
23	closureop(D, cl)	= true
24	let bad = map(D; 2->1)	= {2↦1}   [every other element is fixed]
25	closureop(D, bad)	= false
28	let A = context({duck, eagle, dog, bat}, {flies, mammal, bird}; duck->flies, duck->bird, eagle->flies, eagle->bird, dog->mammal, bat->flies, bat->mammal)	= {(duck, flies), (duck, bird), (eagle, flies), (eagle, bird), (dog, mammal), (bat, flies), (bat, mammal)}
29	concepts(A)	= poset {({duck,eagle,dog,bat}, {}), ({duck,eagle,bat}, {flies}), ({dog,bat}, {mammal}), ({bat}, {flies,mammal}), ({duck,eagle}, {flies,bird}), ({}, {flies,mammal,bird})}
36	galois(C4, C7, dbl, half)	= false
37	fixpoints(D, cl)	= {1, 2, 4, 6, 12}
