4	let q = 1/10	= 1/10
7	q^3	= 1/1000
8	1 - q^5	= 99999/100000
10	sum((1 - q)*q^(k - 1), k, 1, 5)	= 99999/100000
12	expand((1 - r)*sum(r^k, k, 0, 4))	= -r^5 + 1
15	sum(k*(1 - q)*q^(k - 1), k, 1, 4) + 5*q^4	= 11111/10000
18	sum(q^k, k, 0, 4)	= 11111/10000
20	sum((9/10)^k, k, 0, 4)	= 40951/10000
23	manipulate(sum(p^k, k, 0, 4), p, 0, 1)	= 1   [40 frames of p; at p = 1: 5]
27	sum(100*2^k, k, 0, 3)	= 1500
29	sum(100*2^k*q^(k + 1), k, 0, 3)	= 312/25
32	(1/5)^3	= 1/125
33	1 - (1/2)^4	= 15/16
34	sum((1/2)^k, k, 0, 3)	= 15/8
35	sum(50*2^k, k, 0, 4)	= 1550
