3	∀ n ∈ 0..4, prime(2^(2^n) + 1)	= ⊤
4	(2^(2^5) + 1) / 641	= 6700417
8	let n = 5	= 5
9	sum(k, k, 1, n)	= 15
10	n(n+1)/2	= 15
11	∀ n ∈ 1..20, sum(k, k, 1, n) = n(n+1)/2	= ⊤
13	expand(k(k+1)/2 + (k+1) - (k+1)(k+2)/2)	= 0
15	clock t from -1 to 9\nnoaxes\nview -1.5, 8.5, -0.8, 2.6\nD0 = segment(0, 0 + 1.6*exp(i*(pi/2 - 0.675/(1 + exp(-8*(t - 0)))))) thick color 1\nD1 = segment(1, 1 + 1.6*exp(i*(pi/2 - 0.675/(1 + exp(-8*(t - 1)))))) thick color 1\nD2 = segment(2, 2 + 1.6*exp(i*(pi/2 - 0.675/(1 + exp(-8*(t - 2)))))) thick color 1\nD3 = segment(3, 3 + 1.6*exp(i*(pi/2 - 0.675/(1 + exp(-8*(t - 3)))))) thick color 1\nD4 = segment(4, 4 + 1.6*exp(i*(pi/2 - 0.675/(1 + exp(-8*(t - 4)))))) thick color 1\nD5 = segment(5, 5 + 1.6*exp(i*(pi/2 - 0.675/(1 + exp(-8*(t - 5)))))) thick color 1\nD6 = segment(6, 6 + 1.6*exp(i*(pi/2 - 0.675/(1 + exp(-8*(t - 6)))))) thick color 1\nD7 = segment(7, 7 + 1.6*exp(i*(pi/2 - 0.675/(1 + exp(-8*(t - 7)))))) thick color 1\nL0 = label(0 - 0.35i, "P(0)")\nL1 = label(1 - 0.35i, "P(1)")\nL2 = label(2 - 0.35i, "P(2)")\nL3 = label(3 - 0.35i, "P(3)")\nL4 = label(4 - 0.35i, "P(4)")\nL5 = label(5 - 0.35i, "P(5)")\nL6 = label(6 - 0.35i, "P(6)")\nL7 = label(7 - 0.35i, "P(7)")\nK0 = arrow(0.15 + 2i, 0.85 + 2i) color 4\nK1 = arrow(1.15 + 2i, 1.85 + 2i) color 4\nK2 = arrow(2.15 + 2i, 2.85 + 2i) color 4\nK3 = arrow(3.15 + 2i, 3.85 + 2i) color 4\nK4 = arrow(4.15 + 2i, 4.85 + 2i) color 4\nK5 = arrow(5.15 + 2i, 5.85 + 2i) color 4\nK6 = arrow(6.15 + 2i, 6.85 + 2i) color 4\nA = arrow(-1.2 + 1.4i, -0.1 + 1.4i) thick color 2\n> show D0, D1, D2, D3, D4, D5, D6, D7, L0, L1, L2, L3, L4, L5, L6, L7 | A domino for each statement: $P(0)$, $P(1)$, $P(2)$, and so on. A domino down is a statement proved.\n> show K0, K1, K2, K3, K4, K5, K6 | The step, $P(n) \\to P(n+1)$ for every $n$: each domino stands where its fall knocks over the next. By itself it knocks nothing over.\n> show A; play t to 9 in 6s | The base case: push the first. Then each falls in turn, however far along the line it stands.	scene: 24 objects, 3 beats, 24.0 s
24	noaxes\nview -1, 5, -1, 5\nQ1_0 = point(0 + 0i) thick color 1\nQ2_0 = point(0 + 1i) thick color 2\nQ2_1 = point(1 + 0i) thick color 2\nQ2_2 = point(1 + 1i) thick color 2\nQ3_0 = point(0 + 2i) thick color 3\nQ3_1 = point(1 + 2i) thick color 3\nQ3_2 = point(2 + 0i) thick color 3\nQ3_3 = point(2 + 1i) thick color 3\nQ3_4 = point(2 + 2i) thick color 3\nQ4_0 = point(0 + 3i) thick color 4\nQ4_1 = point(1 + 3i) thick color 4\nQ4_2 = point(2 + 3i) thick color 4\nQ4_3 = point(3 + 0i) thick color 4\nQ4_4 = point(3 + 1i) thick color 4\nQ4_5 = point(3 + 2i) thick color 4\nQ4_6 = point(3 + 3i) thick color 4\nQ5_0 = point(0 + 4i) thick color 5\nQ5_1 = point(1 + 4i) thick color 5\nQ5_2 = point(2 + 4i) thick color 5\nQ5_3 = point(3 + 4i) thick color 5\nQ5_4 = point(4 + 0i) thick color 5\nQ5_5 = point(4 + 1i) thick color 5\nQ5_6 = point(4 + 2i) thick color 5\nQ5_7 = point(4 + 3i) thick color 5\nQ5_8 = point(4 + 4i) thick color 5\n> show Q1_0 | $1$.\n> show Q2_0, Q2_1, Q2_2 | Three more dots, round a corner: $1 + 3 = 4$, a $2 \\times 2$ square.\n> show Q3_0, Q3_1, Q3_2, Q3_3, Q3_4 | Five more: $1 + 3 + 5 = 9$, a $3 \\times 3$ square.\n> show Q4_0, Q4_1, Q4_2, Q4_3, Q4_4, Q4_5, Q4_6, Q5_0, Q5_1, Q5_2, Q5_3, Q5_4, Q5_5, Q5_6, Q5_7, Q5_8 | Each odd number wraps the square in one more layer: the $n \\times n$ square plus $2n + 1$ dots is the $(n+1) \\times (n+1)$ one.	scene: 25 objects, 4 beats, 24.4 s
28	∀ n ∈ 1..15, 2^n ≥ n + 1	= ⊤
29	∀ n ∈ 1..20, sum(2k - 1, k, 1, n) = n^2	= ⊤
