3	let D = divisors(12)	= poset {1, 2, 3, 4, 6, 12}   [the divisors of 12 under divisibility]
4	let dbl = map(D; 1 -> 2, 2 -> 4, 3 -> 6, 6 -> 12)	= {1↦2, 2↦4, 3↦6, 6↦12}   [a map on D (4 explicit values; other elements are fixed)]
5	let one = map(D; 2 -> 1, 3 -> 1, 4 -> 1, 6 -> 1, 12 -> 1)	= {2↦1, 3↦1, 4↦1, 6↦1, 12↦1}   [a map on D (5 explicit values; other elements are fixed)]
6	let comp = map(D; 1 -> 12, 2 -> 6, 3 -> 4, 4 -> 3, 6 -> 2, 12 -> 1)	= {1↦12, 2↦6, 3↦4, 4↦3, 6↦2, 12↦1}   [a map on D (6 explicit values; other elements are fixed)]
10	upper(D, {2, 3, 4})	= {12}   [upper bounds]
11	lower(D, {4, 6, 12})	= {1, 2}   [lower bounds]
12	upper(D, {})	= {1, 2, 3, 4, 6, 12}   [upper bounds]
16	let f = map(D; 1 -> 2, 3 -> 6)	= {1↦2, 3↦6}   [a map on D (2 explicit values; other elements are fixed)]
17	monotone(D, f)	= true   [monotone]
18	fixpoints(D, f)	= {2, 4, 6, 12}   [fixed points]
19	lfp(D, f)	= 2   [lfp = 2]
20	gfp(D, f)	= 12   [gfp = 12]
22	lfp(D, comp)	✗ f is not monotone (1 ≤ 2 but f(1) ≰ f(2)), so the iteration need not reach a fixed point
24	lfp(D, dbl)	= 4   [lfp = 4]
26	gfp(D, dbl)	= 12   [gfp = 12]
27	gfp(D, one)	= 1   [gfp = 1]
31	le(D, 2, 4)	= true   [2 ≤ 4]
33	lfp(D, f)	= 2
34	gfp(D, f)	= 12
35	fixpoints(D, one)	= {1}
