4	type: λx:A. x x	✗ x has type A, not a function type, so it cannot be applied
5	type: λx:A→A. x x	✗ x expects an argument of type A, but x has type A → A
9	type: λf:A→B. λg:B→C. λx:A. g (f x)	= (A → B) → (B → C) → A → C
13	type: λf:A→B. λx:B. f x	✗ f expects an argument of type A, but x has type B
14	type: λx:A. y	✗ y is free and has no type: give it one in the context, as in `y : A ⊢ …`
17	type: λx:A. λx:B. x	= A → B → B
19	normal: (λx. λx. x) a b	= b
22	type: λx. x	✗ the binder x has no type: write λx:A. … (or ask `infer:` to find one)
28	type: f : A → B, g : B → C ⊢ λx:A. g (f x)	= A → C
29	type: λx:A→B→C. λy:A→B. λz:A. x z (y z)	= (A → B → C) → (A → B) → A → C
30	type: y : A ⊢ λx:A→B. x y	= (A → B) → B
