10	let C = poset({a, b, c}; a < b, b < c)	= poset {a, b, c}
11	le(C, a, c)	= true
13	poset({a, b}; a < b, b < a)	✗ not a partial order: not antisymmetric: a ≤ b and b ≤ a with a ≠ b
17	let N5 = chain(5)	= poset {0, 1, 2, 3, 4}
23	let D = divisors(12)	= poset {1, 2, 3, 4, 6, 12}
24	le(D, 3, 12)	= true
25	le(D, 4, 6)	= false
29	let P3 = subsets({a, b, c})	= poset {{}, {c}, {b}, {b,c}, {a}, {a,c}, {a,b}, {a,b,c}}
30	le(P3, {a}, {a, b, c})	= true
32	hasse(D)	= poset {1, 2, 3, 4, 6, 12}
34	upper(D, {4, 6})	= {12}
35	sup(D, 4, 6)	= 12
36	sup(D, 2, 3)	= 6
38	lower(D, {4, 6})	= {1, 2}
39	inf(D, 4, 6)	= 2
40	inf(D, 3, 4)	= 1
46	le(D, 2, 3)	= false
47	le(D, 3, 2)	= false
48	le(D, 3, 4)	= false
49	le(D, 4, 6)	= false
50	le(D, 6, 4)	= false
54	let Sq = poset({x00, x01, x10, x11}; x00 < x01, x00 < x10, x01 < x11, x10 < x11)	= poset {x00, x01, x10, x11}
55	le(Sq, x01, x10)	= false
57	let Dop = poset({1, 2, 3, 4, 6, 12}; 12 < 4, 12 < 6, 4 < 2, 6 < 2, 6 < 3, 2 < 1, 3 < 1)	= poset {1, 2, 3, 4, 6, 12}
58	le(Dop, 12, 1)	= true
61	let A = poset({a, b, c, d}; a < b, a < c, b < d, c < d)	= poset {a, b, c, d}
62	minimal(A)	= {a}
63	bottom(A)	= a
65	let T = poset({p, q, r, s, t}; p < r, p < s, q < s, r < t, s < t)	= poset {p, q, r, s, t}
66	minimal(T)	= {p, q}
67	bottom(T)	✗ no bottom: the minimal elements are {p, q}
71	bottom(P3)	= {}
72	top(P3)	= {a,b,c}
73	bottom(D)	= 1
74	top(D)	= 12
78	let D12 = poset({1, 2, 3, 4, 5, 6, 7, 8, 9, 10, 11, 12}; 1 < 2, 1 < 3, 1 < 5, 1 < 7, 1 < 11, 2 < 4, 2 < 6, 2 < 10, 3 < 6, 3 < 9, 4 < 8, 4 < 12, 5 < 10, 6 < 12)	= poset {1, 2, 3, 4, 5, 6, 7, 8, 9, 10, 11, 12}
79	maximal(D12)	= {7, 8, 9, 10, 11, 12}
80	top(D12)	✗ no top: the maximal elements are {7, 8, 9, 10, 11, 12}
82	let E = poset({a, b, c, d, e, f, g}; a < b, a < c, b < c, b < d, c < e, d < e, c < f, d < f, e < g, f < g)	= poset {a, b, c, d, e, f, g}
83	upper(E, {c, d})	= {e, f, g}
84	lower(E, {c, d})	= {a, b}
85	inf(E, c, d)	= b
87	sup(E, c, d)	✗ c and d have no join: the upper bounds {e, f, g} have no least element
93	let dbl = map(D; 1 -> 2, 2 -> 4, 3 -> 6, 6 -> 12)	= {1↦2, 2↦4, 3↦6, 6↦12}   [every other element is fixed]
94	monotone(D, dbl)	= true
96	let k = map(D; 2 -> 3)	= {2↦3}   [every other element is fixed]
97	monotone(D, k)	= false
99	let one = map(D; 2 -> 1, 3 -> 1, 4 -> 1, 6 -> 1, 12 -> 1)	= {2↦1, 3↦1, 4↦1, 6↦1, 12↦1}   [every other element is fixed]
100	monotone(D, one)	= true
101	let idD = map(D; 1 -> 1)	= {1↦1}   [every other element is fixed]
102	monotone(D, idD)	= true
104	let comp = map(D; 1 -> 12, 2 -> 6, 3 -> 4, 4 -> 3, 6 -> 2, 12 -> 1)	= {1↦12, 2↦6, 3↦4, 4↦3, 6↦2, 12↦1}   [every other element is fixed]
105	monotone(D, comp)	= false
107	fixpoints(D, idD)	= {1, 2, 3, 4, 6, 12}
108	fixpoints(D, one)	= {1}
109	fixpoints(D, comp)	= {}
111	lfp(D, dbl)	= 4
120	let L4 = poset({m, a, b, j}; m < a, m < b, a < j, b < j)	= poset {m, a, b, j}
121	meet(L4, a, b)	= m
122	join(L4, a, b)	= j
123	lattice(L4)	= true
129	meet(D, 4, 6)	= 2
130	meet(D, 6, 4)	= 2
131	meet(D, 6, 6)	= 6
132	join(D, 4, 2)	= 4
134	meet(D, 2, 6)	= 2
135	le(D, 2, 6)	= true
139	meet(Dop, 4, 6)	= 12
140	join(Dop, 4, 6)	= 2
141	bottom(Dop)	= 12
145	let B = poset({false, true}; false < true)	= poset {false, true}
146	join(B, false, true)	= true
147	meet(B, false, true)	= false
148	lattice(B)	= true
150	let P2 = subsets({x, y})	= poset {{}, {y}, {x}, {x,y}}
151	join(P2, {x}, {y})	= {x,y}
152	meet(P2, {x}, {y})	= {}
153	lattice(P3)	= true
155	join(D, 4, 6)	= 12
156	meet(D, 3, 4)	= 1
157	join(D, 3, 4)	= 12
158	lattice(D)	= true
160	let V = poset({a, b, c}; a < b, a < c)	= poset {a, b, c}
161	lattice(V)	= false
162	lattice(E)	= false
164	let M3 = poset({bot, a, b, c, top}; bot < a, bot < b, bot < c, a < top, b < top, c < top)	= poset {bot, a, b, c, top}
165	lattice(M3)	= true
167	join(M3, b, c)	= top
168	meet(M3, a, top)	= a
169	meet(M3, a, b)	= bot
170	meet(M3, a, c)	= bot
171	join(M3, bot, bot)	= bot
173	let N5 = poset({bot, p, q, r, top}; bot < p, bot < q, q < r, p < top, r < top)	= poset {bot, p, q, r, top}
174	lattice(N5)	= true
175	join(N5, p, q)	= top
176	meet(N5, r, top)	= r
177	meet(N5, r, p)	= bot
178	meet(N5, r, q)	= q
179	join(N5, bot, q)	= q
181	join(D, 4, 6)	= 12
182	meet(D, 4, 12)	= 4
186	join(D, 2, 6)	= 6
188	lattice(Sq)	= true
189	join(Sq, x01, x10)	= x11
194	upper(D, {2, 3, 4})	= {12}
195	lower(D, {4, 6, 12})	= {1, 2}
196	upper(D, {})	= {1, 2, 3, 4, 6, 12}
200	let f = map(D; 1 -> 2, 3 -> 6)	= {1↦2, 3↦6}   [every other element is fixed]
201	monotone(D, f)	= true
202	fixpoints(D, f)	= {2, 4, 6, 12}
203	lfp(D, f)	= 2
204	gfp(D, f)	= 12
206	lfp(D, comp)	✗ f is not monotone (1 ≤ 2 but f(1) ≰ f(2)), so the iteration need not reach a fixed point
208	lfp(D, dbl)	= 4
210	gfp(D, dbl)	= 12
211	gfp(D, one)	= 1
215	le(D, 2, 4)	= true
